﻿<?xml version="1.0" encoding="UTF-8"?>
<data>
	<!-- LO 104 -->
	<combinations>
		<combination id="1">igh</combination>
		<combination id="2">ear</combination>
		<combination id="3">str</combination>
	</combinations>
	
	<words>
		<word x="100" y = "100" match="igh" sound="fight">fight</word>
		<word x="400" y = "120" match="ear" sound="fearful">fearful</word>
		<word x="700" y = "100" match="igh" sound="tightly">tightly</word>
		<word x="1000" y = "120" match="str" sound="stretch">stretch</word>
		<word x="1350" y = "100" match="str" sound="ostrich">ostrich</word>
		<word x="1600" y = "120" match="igh" sound="sigh">sigh</word>
		<word x="1900" y = "100" match="ear" sound="dearest">dearest</word>
		<word x="2200" y = "120" match="ear" sound="weary">weary</word>
		<word x="2500" y = "100" match="str" sound="strap">strap</word>
	</words>
	
	<sentences>
		<sentence combination="igh">
			<word id="i">I</word>
			<word id="did">did</word>
			<word id="not">not</word>
			<word id="go">go</word>
			<word id="last">last</word>
			<word id="night" correct="true">night</word>
			<correct id="sen_cor_11">I did not go last night</correct>
			<correct id="sen_cor_12">Last night I did not go</correct>
		</sentence>
		<sentence combination="ear">
			<word id="i">I</word>
			<word id="was">was</word>
			<word id="near" correct="true">near</word>
			<word id="a">a</word>
			<word id="busy">busy</word>
			<word id="town">town</word>
			<correct id="sen_cor_21">I was near a busy town</correct>
			<correct id="sen_cor_22">A busy town I was near</correct>
		</sentence>
		<sentence combination="str">
			<word id="a">a</word>
			<word id="stranger" correct="true">stranger</word>
			<word id="helped">helped</word>
			<word id="me">me</word>			
			<correct id="sen_cor_31">A stranger helped me</correct>
		</sentence>
	</sentences>
	
	<speeches>
		<speech id="int020">
			<![CDATA[
				<p>Oh no! My spaceship has run out of fuel.</p>
				<p>I need your help to fill up its tanks so I can go home.</p>
				]]>
		</speech>
		
		<speech id="eng010">
			<![CDATA[
				<p>My spaceship uses fuel made from words. It has three tanks. </p>
				<p>We need to fill them all.</p>
			]]>
		</speech>
		<speech id="eng020">
			<![CDATA[
				<p>Each tank needs words with a different letter pattern.</p>
				<p>Choose the tank you want to fill up first.</p>
			]]>
		</speech>
		<speech id="eng030">
			<![CDATA[
				<p>Select the tank you want to fill up next.</p>
			]]>
		</speech>
		<speech id="eng040_1">
			<![CDATA[
				<p>This tank needs words with <b>igh</b>, like the words in this sentence.</p>
			]]>
		</speech>
		<speech id="eng041_1" preload="false">
			<![CDATA[
				<p>A br<b>igh</b>t l<b>igh</b>t is a nice s<b>igh</b>t.</p>
			]]>
		</speech>
		<speech id="eng040_2">
			<![CDATA[
				<p>This tank needs words with <b>ear</b>, like the words in this sentence.</p>
			]]>
		</speech>
		<speech id="eng041_2" preload="false">
			<![CDATA[
				<p>My <b>ear</b> h<b>ear</b>s a noise very n<b>ear</b>.</p>
			]]>
		</speech>
		<speech id="eng040_3">
			<![CDATA[
				<p>This tank needs words with <b>str</b>, like the words in this sentence.</p>
			]]>
		</speech>
		<speech id="eng041_3" preload="false">
			<![CDATA[
				<p>These <b>str</b>ange <b>str</b>ings are <b>str</b>aight.</p>
			]]>
		</speech>
		
		
		<speech id="try010">
			<![CDATA[
				<p>Let’s fill up the tank to see if it can use these words as fuel.</p>
			]]>
		</speech>
		<speech id="try020">
			<![CDATA[
				<p>Yes, that’s perfect!</p>
				<p>Now help me fill another tank.</p>
			]]>
		</speech>
		<speech id="try021">
			<![CDATA[
				<p>Yes, that’s perfect.</p>
			]]>
		</speech>
		
		<speech id="try032_1">
			<![CDATA[
				<p>Oops!</p>	
				<p>This tank can only use words with <b>igh</b>, like <b>light</b>.</p>
			]]>
		</speech>
		<speech id="try032_2">
			<![CDATA[
				<p>Oops!</p>
				<p>This tank can only use words with <b>ear</b>, like <b>clear</b>.</p>
			]]>
		</speech>
		<speech id="try032_3">
			<![CDATA[
				<p>Oops!</p>
				<p>This tank can only use words with <b>str</b>, like <b>string</b>.</p>
			]]>
		</speech>
		
		<speech id="try033_1">
			<![CDATA[
				<p>That’s still not it.</p>
				<p>Look closely for words that have <b>igh</b>, like n<b>igh</b>t. </p>
			]]>
		</speech>
		<speech id="try033_2">
			<![CDATA[
				<p>That’s still not it.</p>
				<p>Look closely for words that have <b>ear</b>, like n<b>ear</b>.</p>
			]]>
		</speech>
		<speech id="try033_3">
			<![CDATA[
				<p>That’s still not it.</p>
				<p>Look closely for words that have <b>str</b>, like <b>str</b>ange.</p>
			]]>
		</speech>		
		<speech id="try034">
			<![CDATA[
				<p>That’s still not it.</p>
				<p>Let me show you.</p>
			]]>
		</speech>

		
		<!--sentence-->
		
		<speech id="sen010">
			<![CDATA[
				<p>Fantastic! You’ve got my spaceship working!</p>
				<p>Now I need your help to send a message.</p>
			]]>
		</speech>
		<speech id="sen020_1">
			<![CDATA[
				<p>Rearrange these jumbled words to make a sentence that makes sense.</p>
				<p>Select the words in the correct order.</p>
			]]>
		</speech>
		<speech id="sen020_2">
			<![CDATA[
				<p>Now, rearrange these jumbled words to make another sentence that makes sense.</p>
				<p>Select the words in the correct order.</p>
			]]>
		</speech>

		<speech id="sen030">
			<![CDATA[
				<p>Yes!</p>
				<p>That’s the message I want to send.</p>
			]]>
		</speech>
		<!-- first mistake in the sentece ordering activity-->
		<speech id="sen041">			
			<![CDATA[
				<p>Oh dear, I can’t send that message.</p>
				<p>It doesn’t make sense.</p>
			]]>
		</speech>
		<speech id="sen042">
			<!-- second in the sentece ordering activity-->
			<![CDATA[
				<p>That’s still not what I wanted to say.</p> 
			]]>
		</speech>
		<speech id="sen043">
			<!-- third mistake in the sentece ordering activity-->
			<![CDATA[
				<p>That’s still not it.</p>
				<p>Let me show you.</p>
			]]>
		</speech>
		<speech id="sen050_1">
			<![CDATA[
				<p>One word in the message contains <b>igh</b>.</p>
				<p>Select the <b>igh</b> word.</p>
			]]>
		</speech>
		<speech id="sen050_2">
			<![CDATA[
				<p>One word in the message contains <b>ear</b>.</p>
				<p>Select the <b>ear</b> word.</p>
			]]>
		</speech>
		<speech id="sen050_3">
			<![CDATA[
				<p>One word in the message contains <b>str</b>.</p>
				<p>Select the <b>str</b> word.</p>
			]]>
		</speech>
		<speech id="sen060">
			<![CDATA[
				<p>That’s it!</p>
			]]>
		</speech>
		<speech id="sen071">
			<![CDATA[
				<p>That’s not the right word.</p>
			]]>
		</speech>
		<speech id="sen072">
			<![CDATA[
				<p>That’s still not correct.</p>
			]]>
		</speech>
		<speech id="sen073_1">
			<![CDATA[
				<p>That’s not the right word either.</p>
				<p>The word with <b>igh</b> is <b>night</b>.</p>
			]]>
		</speech>
		<speech id="sen073_2">
			<![CDATA[
				<p>That’s not the right word either.</p>
				<p>The word with <b>ear</b> is <b>near</b>.</p>
			]]>
		</speech>
		<speech id="sen073_3">
			<![CDATA[
				<p>That’s not the right word either.</p>
				<p>The word with <b>str</b> is <b>stranger</b>.</p>
			]]>
		</speech>
		<speech id="sen090">
			<![CDATA[
				<p>Excellent, the message has been sent! Now I can go home.</p>
				<p>Thanks for all your help!</p>
			]]>
		</speech>
		
		
		<speech id="con010"><![CDATA[<p align="center">Bye!</p>]]></speech>
		
	</speeches>
</data>