<?xml version="1.0" encoding="utf-8"?>
<cp:manifest xmlns:lom="http://ltsc.ieee.org/xsd/LOM" identifier="s6f38f298-3f31-4b67-8871-55eba205a479" xmlns:cp="http://www.imsglobal.org/xsd/imscp_v1p1">
  <cp:metadata>
    <cp:schema>IMS Content</cp:schema>
    <cp:schemaversion>1.1.4</cp:schemaversion>
    <lom:lom>
      <lom:general>
        <lom:identifier>
          <lom:catalog>Sharing Exchange Learning Resource</lom:catalog>
          <lom:entry>S0701</lom:entry>
        </lom:identifier>
        <lom:title>
          <lom:string language="en">Solid as rock: tsunamis</lom:string>
        </lom:title>
        <lom:keyword>
          <lom:string language="en">Year 9 Science</lom:string>
        </lom:keyword>
        <lom:keyword>
          <lom:string language="en">Geology</lom:string>
        </lom:keyword>
        <lom:keyword>
          <lom:string language="en">Earth structure</lom:string>
        </lom:keyword>
        <lom:keyword>
          <lom:string language="en">Earthquakes</lom:string>
        </lom:keyword>
        <lom:keyword>
          <lom:string language="en">Tectonic plates</lom:string>
        </lom:keyword>
        <lom:keyword>
          <lom:string language="en">Tsunamis</lom:string>
        </lom:keyword>
        <lom:keyword>
          <lom:string language="en">Waves (Ocean)</lom:string>
        </lom:keyword>
        <lom:aggregationLevel>
          <lom:source>LOMv1.0</lom:source>
          <lom:value>2</lom:value>
        </lom:aggregationLevel>
        <lom:language>en-AU</lom:language>
        <lom:description>
          <lom:string language="en">This animated graphic depicts the formation of a tsunami and its progress across the ocean to shore. The object supports the year 9 Science course and is one of six about geology.</lom:string>
        </lom:description>
      </lom:general>
      <lom:lifeCycle>
        <lom:contribute>
          <lom:role>
            <lom:source>MARC Relator</lom:source>
            <lom:value>Copyright holder</lom:value>
          </lom:role>
          <lom:entity>BEGIN:VCARD
ORG:Department of Education and Children's Services\, South Australia
ADR:;;;;;;AUSTRALIA
VERSION:3.0
END:VCARD
</lom:entity>
        </lom:contribute>
        <lom:version>
          <lom:string>3.0</lom:string>
        </lom:version>
        <lom:status>
          <lom:source>LOMv1.0</lom:source>
          <lom:value>final</lom:value>
        </lom:status>
      </lom:lifeCycle>
      <lom:metaMetadata>
        <lom:identifier>
          <lom:catalog>Sharing Exchange Metadata</lom:catalog>
          <lom:entry>S0701</lom:entry>
        </lom:identifier>
        <lom:language>en</lom:language>
        <lom:metadataSchema>LOMv1.0</lom:metadataSchema>
        <lom:metadataSchema>ANZ-LOMv1.0</lom:metadataSchema>
      </lom:metaMetadata>
      <lom:technical>
        <lom:format>text/html</lom:format>
        <lom:format>application/x-shockwave-flash</lom:format>
        <lom:format>application/x-javascript</lom:format>
        <lom:location>http://resolver.thelearningfederation.edu.au/?rft_id=10257/5828900</lom:location>
        <lom:size>63076</lom:size>
      </lom:technical>
      <lom:educational>
        <lom:learningResourceType>
          <lom:source>DCMI Type</lom:source>
          <lom:value>Interactive resource</lom:value>
        </lom:learningResourceType>
        <lom:intendedEndUserRole>
          <lom:source>LOMv1.0</lom:source>
          <lom:value>learner</lom:value>
        </lom:intendedEndUserRole>
        <lom:intendedEndUserRole>
          <lom:source>LOMv1.0</lom:source>
          <lom:value>teacher</lom:value>
        </lom:intendedEndUserRole>
        <lom:context>
          <lom:source>LOMv1.0</lom:source>
          <lom:value>school</lom:value>
        </lom:context>
        <lom:typicalAgeRange>
          <lom:string>10-15</lom:string>
        </lom:typicalAgeRange>
        <lom:language>en</lom:language>
      </lom:educational>
      <lom:rights>
        <lom:cost>
          <lom:source>LOMv1.0</lom:source>
          <lom:value>no</lom:value>
        </lom:cost>
        <lom:copyrightAndOtherRestrictions>
          <lom:source>LOMv1.0</lom:source>
          <lom:value>yes</lom:value>
        </lom:copyrightAndOtherRestrictions>
        <lom:description>
          <lom:string language="en">© Minister for Education and Children's Services for and on behalf of the Crown in right of the State of South Australia.</lom:string>
        </lom:description>
      </lom:rights>
      <lom:relation>
        <lom:kind>
          <lom:source>LOMv1.0</lom:source>
          <lom:value>ispartof</lom:value>
        </lom:kind>
        <lom:resource>
          <lom:identifier>
            <lom:catalog>Sharing Exchange Learning Resource</lom:catalog>
            <lom:entry>S0664</lom:entry>
          </lom:identifier>
          <lom:description>
            <lom:string language="en" />
          </lom:description>
        </lom:resource>
      </lom:relation>
      <lom:classification>
        <lom:purpose>
          <lom:source>LOMv1.0</lom:source>
          <lom:value>educational level</lom:value>
        </lom:purpose>
        <lom:taxonPath>
          <lom:taxon>
            <lom:entry>
              <lom:string language="en">8</lom:string>
            </lom:entry>
          </lom:taxon>
          <lom:source>
            <lom:string language="en">edna-userlevel</lom:string>
          </lom:source>
        </lom:taxonPath>
        <lom:taxonPath>
          <lom:taxon>
            <lom:entry>
              <lom:string language="en">9</lom:string>
            </lom:entry>
          </lom:taxon>
          <lom:source>
            <lom:string language="en">edna-userlevel</lom:string>
          </lom:source>
        </lom:taxonPath>
        <lom:taxonPath>
          <lom:taxon>
            <lom:entry>
              <lom:string language="en">6</lom:string>
            </lom:entry>
          </lom:taxon>
          <lom:source>
            <lom:string language="en">edna-userlevel</lom:string>
          </lom:source>
        </lom:taxonPath>
        <lom:taxonPath>
          <lom:taxon>
            <lom:entry>
              <lom:string language="en">7</lom:string>
            </lom:entry>
          </lom:taxon>
          <lom:source>
            <lom:string language="en">edna-userlevel</lom:string>
          </lom:source>
        </lom:taxonPath>
      </lom:classification>
      <lom:classification>
        <lom:purpose>
          <lom:source>LOMv1.0</lom:source>
          <lom:value>discipline</lom:value>
        </lom:purpose>
        <lom:taxonPath>
          <lom:taxon>
            <lom:entry>
              <lom:string>Science</lom:string>
            </lom:entry>
          </lom:taxon>
          <lom:source>
            <lom:string>edna-kla</lom:string>
          </lom:source>
        </lom:taxonPath>
      </lom:classification>
      <lom:classification>
        <lom:purpose>
          <lom:source>LOMv1.0</lom:source>
          <lom:value>discipline</lom:value>
        </lom:purpose>
        <lom:taxonPath>
          <lom:taxon>
            <lom:entry>
              <lom:string language="en">Science</lom:string>
            </lom:entry>
          </lom:taxon>
          <lom:taxon>
            <lom:entry>
              <lom:string language="en">Earth and beyond</lom:string>
            </lom:entry>
          </lom:taxon>
          <lom:source>
            <lom:string language="en">TLF_Strand</lom:string>
          </lom:source>
        </lom:taxonPath>
      </lom:classification>
      <lom:classification>
        <lom:purpose>
          <lom:source>LOMv1.0</lom:source>
          <lom:value>educational objective</lom:value>
        </lom:purpose>
        <lom:taxonPath>
          <lom:taxon>
            <lom:entry>
              <lom:string>Interactives</lom:string>
            </lom:entry>
          </lom:taxon>
          <lom:source>
            <lom:string>TLF_studentactivity</lom:string>
          </lom:source>
        </lom:taxonPath>
      </lom:classification>
      <lom:classification>
        <lom:purpose>
          <lom:source>LOMv1.0</lom:source>
          <lom:value>idea</lom:value>
        </lom:purpose>
        <lom:taxonPath>
          <lom:taxon>
            <lom:id>9778</lom:id>
            <lom:entry>
              <lom:string language="en">Earth structure</lom:string>
            </lom:entry>
          </lom:taxon>
          <lom:source>
            <lom:string language="en">ScOT</lom:string>
          </lom:source>
        </lom:taxonPath>
        <lom:taxonPath>
          <lom:taxon>
            <lom:id>5443</lom:id>
            <lom:entry>
              <lom:string language="en">Earthquakes</lom:string>
            </lom:entry>
          </lom:taxon>
          <lom:source>
            <lom:string language="en">ScOT</lom:string>
          </lom:source>
        </lom:taxonPath>
        <lom:taxonPath>
          <lom:taxon>
            <lom:id>9819</lom:id>
            <lom:entry>
              <lom:string language="en">Tectonic plates</lom:string>
            </lom:entry>
          </lom:taxon>
          <lom:source>
            <lom:string language="en">ScOT</lom:string>
          </lom:source>
        </lom:taxonPath>
        <lom:taxonPath>
          <lom:taxon>
            <lom:id>5466</lom:id>
            <lom:entry>
              <lom:string language="en">Tsunamis</lom:string>
            </lom:entry>
          </lom:taxon>
          <lom:source>
            <lom:string language="en">ScOT</lom:string>
          </lom:source>
        </lom:taxonPath>
        <lom:taxonPath>
          <lom:taxon>
            <lom:id>2809</lom:id>
            <lom:entry>
              <lom:string language="en">Waves (Ocean)</lom:string>
            </lom:entry>
          </lom:taxon>
          <lom:source>
            <lom:string language="en">ScOT</lom:string>
          </lom:source>
        </lom:taxonPath>
      </lom:classification>
    </lom:lom>
  </cp:metadata>
  <cp:organizations default="sd318a835-7cb4-4e35-b641-55eccc91b03d">
    <cp:organization identifier="sd318a835-7cb4-4e35-b641-55eccc91b03d" structure="hierarchical">
      <cp:title>Solid as rock: tsunamis</cp:title>
      <cp:item identifier="sd3066c88-c547-45f7-ba95-f68c7ecb1dad" identifierref="sfc448b08-2462-47ce-a22b-6a302ecbae59">
        <cp:title>Start: Solid as rock: tsunamis</cp:title>
      </cp:item>
    </cp:organization>
  </cp:organizations>
  <cp:resources>
    <cp:resource href="12780_05/index.htm" identifier="sfc448b08-2462-47ce-a22b-6a302ecbae59" type="webcontent">
      <cp:file href="12780_05/_scripts/indexi1f1.js" />
      <cp:file href="12780_05/_scripts/indexi1f2.js" />
      <cp:file href="12780_05/index.htm" />
      <cp:file href="12780_05/logo.swf" />
      <cp:file href="12780_05/tsunamis.swf" />
    </cp:resource>
  </cp:resources>
</cp:manifest>