﻿<?xml version="1.0" encoding="utf-8"?>
<manifest identifier="M186528" xsi:schemaLocation="http://www.imsglobal.org/xsd/imscp_v1p1 imscp_v1p1.xsd http://ltsc.ieee.org/xsd/LOM lom_custom.xsd" xmlns="http://www.imsglobal.org/xsd/imscp_v1p1" xmlns:xsi="http://www.w3.org/2001/XMLSchema-instance">
  <metadata>
    <schema>IMS Content</schema>
    <schemaversion>1.3</schemaversion>
    <lom xmlns="http://ltsc.ieee.org/xsd/LOM">
      <general>
        <identifier>
          <catalog>TLF-LearningObject</catalog>
          <entry>L1449</entry>
        </identifier>
        <title>
          <string language="en">Maths and the car: loan calculator</string>
        </title>
        <language>en</language>
        <description>
          <string language="en">Use a calculator to estimate loan repayments needed to buy a car. Look at variables such as price, compound interest rate, term of loan and payment frequency. Work out the total interest to be paid by the borrower.</string>
        </description>
        <keyword>
          <string language="en">Equations</string>
        </keyword>
        <keyword>
          <string language="en">Personal loans</string>
        </keyword>
        <keyword>
          <string language="en">Compound interest</string>
        </keyword>
        <aggregationLevel>
          <source>LOMv1.0</source>
          <value>2</value>
        </aggregationLevel>
      </general>
      <lifeCycle>
        <version>
          <string>1.0</string>
        </version>
        <status>
          <source>LOMv1.0</source>
          <value>final</value>
        </status>
        <contribute>
          <role>
            <source>LOMv1.0</source>
            <value>Author</value>
          </role>
          <entity>BEGIN:VCARD
REV:2005-08-01T13:56:31+09:30
ADR:;;;Hobart;TAS;;Australia
ORG:Department of Education\, Tasmania\; e-magine Centre of Excellence in 
 Online Learning
URL:http://www.e-magine.education.tas.gov.au/
VERSION:3.0
END:VCARD

</entity>
        </contribute>
        <contribute>
          <role>
            <source>LOMv1.0</source>
            <value>Publisher</value>
          </role>
          <entity>BEGIN:VCARD
REV:2007-02-23T06:35:47Z
ADR:;;;Melbourne;VIC;3000;Australia
ORG:Curriculum Corporation\; The Le@rning Federation
URL:http://www.thelearningfederation.edu.au/
VERSION:3.0
END:VCARD

</entity>
          <date>
            <dateTime>2005-09-16T05:49:46.0Z</dateTime>
          </date>
        </contribute>
      </lifeCycle>
      <metaMetadata>
        <identifier>
          <catalog>TLF-Metadata</catalog>
          <entry>158499</entry>
        </identifier>
        <metadataSchema>LOMv1.0</metadataSchema>
        <metadataSchema>ANZ-LOMv1.0</metadataSchema>
        <metadataSchema>ednav1.1</metadataSchema>
        <language>en</language>
      </metaMetadata>
      <technical>
        <format>application/x-director</format>
        <format>text/html</format>
        <format>image/jpeg</format>
        <format>text/css</format>
        <size>116056</size>
        <location>http://resolver.thelearningfederation.edu.au/?rft_id=10257/7535</location>
        <requirement>
          <orComposite>
            <type>
              <source>LOMv1.0</source>
              <value>Operating System</value>
            </type>
            <name>
              <source>Curriculum Corporation technical requirement</source>
              <value>MacOS</value>
            </name>
            <minimumVersion>X</minimumVersion>
          </orComposite>
          <orComposite>
            <type>
              <source>LOMv1.0</source>
              <value>Operating System</value>
            </type>
            <name>
              <source>Curriculum Corporation technical requirement</source>
              <value>MS-Windows</value>
            </name>
            <minimumVersion>2000</minimumVersion>
            <maximumVersion>XP</maximumVersion>
          </orComposite>
        </requirement>
        <requirement>
          <orComposite>
            <type>
              <source>LOMv1.0</source>
              <value>Browser</value>
            </type>
            <name>
              <source>Curriculum Corporation technical requirement</source>
              <value>Microsoft Internet Explorer</value>
            </name>
            <minimumVersion>6.0 (MS-Windows); 5.2 (MacOS)</minimumVersion>
          </orComposite>
          <orComposite>
            <type>
              <source>LOMv1.0</source>
              <value>Browser</value>
            </type>
            <name>
              <source>Curriculum Corporation technical requirement</source>
              <value>Netscape Communicator</value>
            </name>
            <minimumVersion>6.2 (MS-Windows)</minimumVersion>
          </orComposite>
          <orComposite>
            <type>
              <source>LOMv1.0</source>
              <value>Browser</value>
            </type>
            <name>
              <source>Curriculum Corporation technical requirement</source>
              <value>Safari</value>
            </name>
            <minimumVersion>1.2 (MacOS)</minimumVersion>
          </orComposite>
        </requirement>
        <otherPlatformRequirements>
          <string language="en">Initial load time may exceed 10 seconds on a dedicated 64 kbps connection due to the use of rich media content.</string>
        </otherPlatformRequirements>
      </technical>
      <educational>
        <learningResourceType>
          <source>DCMI Type</source>
          <value>Interactive resource</value>
        </learningResourceType>
        <intendedEndUserRole>
          <source>LOMv1.0</source>
          <value>learner</value>
        </intendedEndUserRole>
        <context>
          <source>LOMv1.0</source>
          <value>school</value>
        </context>
        <typicalAgeRange>
          <string language="en">13,14,15,16,17,18</string>
        </typicalAgeRange>
      </educational>
      <rights>
        <description>
          <string language="en">Copyright The Crown in Right of Tasmania. The Crown in Right of Tasmania, however, accepts no responsibility for this product. This material contains Non-TLF Content. Refer to Conditions of use.</string>
        </description>
      </rights>
      <relation>
        <kind>
          <source>LOMv1.0</source>
          <value>isbasedon</value>
        </kind>
        <resource>
          <identifier>
            <catalog>TLF-LearningObject</catalog>
            <entry>L1449</entry>
          </identifier>
          <description>
            <string language="en">Originally published online as part of a learning object titled 'Motor vehicles: what does a loan cost?'; produced within the Tasmanian 'Open-IT' Project.</string>
          </description>
        </resource>
      </relation>
      <classification>
        <purpose>
          <source>LOMv1.0</source>
          <value>educational level</value>
        </purpose>
        <taxonPath>
          <source>
            <string language="en">edna-userlevel</string>
          </source>
          <taxon>
            <entry>
              <string language="en">9</string>
            </entry>
          </taxon>
          <taxon>
            <entry>
              <string language="en">10</string>
            </entry>
          </taxon>
          <taxon>
            <entry>
              <string language="en">11</string>
            </entry>
          </taxon>
          <taxon>
            <entry>
              <string language="en">12</string>
            </entry>
          </taxon>
        </taxonPath>
      </classification>
      <classification>
        <purpose>
          <source>LOMv1.0</source>
          <value>idea</value>
        </purpose>
        <taxonPath>
          <source>
            <string language="en">ScOT</string>
          </source>
          <taxon>
            <id>977</id>
            <entry>
              <string language="en">Equations</string>
            </entry>
          </taxon>
        </taxonPath>
        <taxonPath>
          <source>
            <string language="en">ScOT</string>
          </source>
          <taxon>
            <id>4185</id>
            <entry>
              <string language="en">Compound interest</string>
            </entry>
          </taxon>
        </taxonPath>
        <taxonPath>
          <source>
            <string language="en">ScOT</string>
          </source>
          <taxon>
            <id>7598</id>
            <entry>
              <string language="en">Personal loans</string>
            </entry>
          </taxon>
        </taxonPath>
      </classification>
      <classification>
        <purpose>
          <source>LOMv1.0</source>
          <value>skill level</value>
        </purpose>
        <taxonPath>
          <source>
            <string language="en">Bloom's taxonomy of the cognitive domain</string>
          </source>
          <taxon>
            <entry>
              <string language="en">Knowledge</string>
            </entry>
          </taxon>
        </taxonPath>
        <taxonPath>
          <source>
            <string language="en">Bloom's taxonomy of the cognitive domain</string>
          </source>
          <taxon>
            <entry>
              <string language="en">Comprehension</string>
            </entry>
          </taxon>
        </taxonPath>
        <taxonPath>
          <source>
            <string language="en">Bloom's taxonomy of the cognitive domain</string>
          </source>
          <taxon>
            <entry>
              <string language="en">Application</string>
            </entry>
          </taxon>
        </taxonPath>
      </classification>
      <classification>
        <purpose>
          <source>LOMv1.0</source>
          <value>educational objective</value>
        </purpose>
        <taxonPath>
          <source>
            <string language="en">TLF_studentactivity</string>
          </source>
          <taxon>
            <entry>
              <string language="en">Interactives</string>
            </entry>
          </taxon>
        </taxonPath>
        <taxonPath>
          <source>
            <string language="en">TLF_studentactivity</string>
          </source>
          <taxon>
            <entry>
              <string language="en">Analysis</string>
            </entry>
          </taxon>
        </taxonPath>
        <taxonPath>
          <source>
            <string language="en">TLF_studentactivity</string>
          </source>
          <taxon>
            <entry>
              <string language="en">Modelling</string>
            </entry>
          </taxon>
        </taxonPath>
      </classification>
      <classification>
        <purpose>
          <source>LOMv1.0</source>
          <value>educational objective</value>
        </purpose>
        <taxonPath>
          <source>
            <string language="en">TLF_learningdesign</string>
          </source>
          <taxon>
            <entry>
              <string language="en">Experiential learning</string>
            </entry>
          </taxon>
        </taxonPath>
        <taxonPath>
          <source>
            <string language="en">TLF_learningdesign</string>
          </source>
          <taxon>
            <entry>
              <string language="en">Independent learning</string>
            </entry>
          </taxon>
        </taxonPath>
        <taxonPath>
          <source>
            <string language="en">TLF_learningdesign</string>
          </source>
          <taxon>
            <entry>
              <string language="en">Visual learning</string>
            </entry>
          </taxon>
        </taxonPath>
      </classification>
      <classification>
        <purpose>
          <source>LOMv1.0</source>
          <value>educational objective</value>
        </purpose>
        <taxonPath>
          <source>
            <string language="en">Key learning objective</string>
          </source>
          <taxon>
            <entry>
              <string language="en">Students calculate loan payment schedules.</string>
            </entry>
          </taxon>
        </taxonPath>
      </classification>
      <classification>
        <purpose>
          <source>LOMv1.0</source>
          <value>educational objective</value>
        </purpose>
        <taxonPath>
          <source>
            <string language="en">Educational value</string>
          </source>
          <taxon>
            <entry>
              <string language="en">Students use a calculator to work out loan repayments and total interest.</string>
            </entry>
          </taxon>
        </taxonPath>
        <taxonPath>
          <source>
            <string language="en">Educational value</string>
          </source>
          <taxon>
            <entry>
              <string language="en">An online loan calculator is available, using set compound interest rates (no early repayments).</string>
            </entry>
          </taxon>
        </taxonPath>
      </classification>
      <classification>
        <purpose>
          <source>LOMv1.0</source>
          <value>discipline</value>
        </purpose>
        <taxonPath>
          <source>
            <string language="en">edna-kla</string>
          </source>
          <taxon>
            <entry>
              <string language="en">mathematics</string>
            </entry>
          </taxon>
        </taxonPath>
      </classification>
      <classification>
        <purpose>
          <source>LOMv1.0</source>
          <value>discipline</value>
        </purpose>
        <taxonPath>
          <source>
            <string language="en">TLF_strand</string>
          </source>
          <taxon>
            <entry>
              <string language="en">mathematics</string>
            </entry>
          </taxon>
          <taxon>
            <entry>
              <string language="en">Algebra</string>
            </entry>
          </taxon>
        </taxonPath>
      </classification>
      <classification>
        <purpose>
          <source>LOMv1.0</source>
          <value>discipline</value>
        </purpose>
        <taxonPath>
          <source>
            <string language="en">TLF_concepts</string>
          </source>
          <taxon>
            <entry>
              <string language="en">mathematics</string>
            </entry>
          </taxon>
          <taxon>
            <entry>
              <string language="en">Formulas</string>
            </entry>
          </taxon>
        </taxonPath>
        <taxonPath>
          <source>
            <string language="en">TLF_concepts</string>
          </source>
          <taxon>
            <entry>
              <string language="en">mathematics</string>
            </entry>
          </taxon>
          <taxon>
            <entry>
              <string language="en">Algorithms</string>
            </entry>
          </taxon>
        </taxonPath>
        <taxonPath>
          <source>
            <string language="en">TLF_concepts</string>
          </source>
          <taxon>
            <entry>
              <string language="en">mathematics</string>
            </entry>
          </taxon>
          <taxon>
            <entry>
              <string language="en">Calculators</string>
            </entry>
          </taxon>
        </taxonPath>
        <taxonPath>
          <source>
            <string language="en">TLF_concepts</string>
          </source>
          <taxon>
            <entry>
              <string language="en">mathematics</string>
            </entry>
          </taxon>
          <taxon>
            <entry>
              <string language="en">Money</string>
            </entry>
          </taxon>
        </taxonPath>
      </classification>
      <classification>
        <purpose>
          <source>LOMv1.0</source>
          <value>discipline</value>
        </purpose>
        <taxonPath>
          <source>
            <string language="en">AGIFT</string>
          </source>
          <taxon>
            <entry>
              <string language="en">Education and training</string>
            </entry>
          </taxon>
          <taxon>
            <entry>
              <string language="en">School education</string>
            </entry>
          </taxon>
        </taxonPath>
      </classification>
      <classification>
        <purpose>
          <source>LOMv1.0</source>
          <value>accessibility restrictions</value>
        </purpose>
        <taxonPath>
          <source>
            <string language="en">TLF_accessprofile</string>
          </source>
          <taxon>
            <entry>
              <string language="en">Hearing independence</string>
            </entry>
          </taxon>
        </taxonPath>
      </classification>
    </lom>
  </metadata>
  <organizations default="O29588">
    <organization identifier="O29588">
      <title>Maths and the car: loan calculator</title>
      <item identifier="O29588I0" identifierref="R180061">
        <title>Start: Maths and the car: loan calculator</title>
      </item>
    </organization>
  </organizations>
  <resources>
    <resource identifier="R180061" type="webcontent" href="index.html">
      <metadata>
        <lom xmlns="http://ltsc.ieee.org/xsd/LOM">
          <general>
            <identifier>
              <catalog>TLF-LearningObject</catalog>
              <entry>L1449</entry>
            </identifier>
            <title>
              <string language="en">Maths and the car: loan calculator</string>
            </title>
            <language>en</language>
            <description>
              <string language="en">Use a calculator to estimate loan repayments needed to buy a car. Look at variables such as price, compound interest rate, term of loan and payment frequency. Work out the total interest to be paid by the borrower.</string>
            </description>
            <keyword>
              <string language="en">Equations</string>
            </keyword>
            <keyword>
              <string language="en">Personal loans</string>
            </keyword>
            <keyword>
              <string language="en">Compound interest</string>
            </keyword>
            <aggregationLevel>
              <source>LOMv1.0</source>
              <value>2</value>
            </aggregationLevel>
          </general>
          <lifeCycle>
            <version>
              <string>1.0</string>
            </version>
            <status>
              <source>LOMv1.0</source>
              <value>final</value>
            </status>
            <contribute>
              <role>
                <source>LOMv1.0</source>
                <value>Author</value>
              </role>
              <entity>BEGIN:VCARD
REV:2005-08-01T13:56:31+09:30
ADR:;;;Hobart;TAS;;Australia
ORG:Department of Education\, Tasmania\; e-magine Centre of Excellence in 
 Online Learning
URL:http://www.e-magine.education.tas.gov.au/
VERSION:3.0
END:VCARD

</entity>
            </contribute>
            <contribute>
              <role>
                <source>LOMv1.0</source>
                <value>Publisher</value>
              </role>
              <entity>BEGIN:VCARD
REV:2007-02-23T06:35:47Z
ADR:;;;Melbourne;VIC;3000;Australia
ORG:Curriculum Corporation\; The Le@rning Federation
URL:http://www.thelearningfederation.edu.au/
VERSION:3.0
END:VCARD

</entity>
              <date>
                <dateTime>2005-09-16T05:49:46.0Z</dateTime>
              </date>
            </contribute>
          </lifeCycle>
          <metaMetadata>
            <identifier>
              <catalog>TLF-Metadata</catalog>
              <entry>158499</entry>
            </identifier>
            <metadataSchema>LOMv1.0</metadataSchema>
            <metadataSchema>ANZ-LOMv1.0</metadataSchema>
            <metadataSchema>ednav1.1</metadataSchema>
            <language>en</language>
          </metaMetadata>
          <technical>
            <format>application/x-director</format>
            <format>text/html</format>
            <format>image/jpeg</format>
            <format>text/css</format>
            <size>116056</size>
            <location>http://resolver.thelearningfederation.edu.au/?rft_id=10257/7535</location>
            <requirement>
              <orComposite>
                <type>
                  <source>LOMv1.0</source>
                  <value>Operating System</value>
                </type>
                <name>
                  <source>Curriculum Corporation technical requirement</source>
                  <value>MacOS</value>
                </name>
                <minimumVersion>X</minimumVersion>
              </orComposite>
              <orComposite>
                <type>
                  <source>LOMv1.0</source>
                  <value>Operating System</value>
                </type>
                <name>
                  <source>Curriculum Corporation technical requirement</source>
                  <value>MS-Windows</value>
                </name>
                <minimumVersion>2000</minimumVersion>
                <maximumVersion>XP</maximumVersion>
              </orComposite>
            </requirement>
            <requirement>
              <orComposite>
                <type>
                  <source>LOMv1.0</source>
                  <value>Browser</value>
                </type>
                <name>
                  <source>Curriculum Corporation technical requirement</source>
                  <value>Microsoft Internet Explorer</value>
                </name>
                <minimumVersion>6.0 (MS-Windows); 5.2 (MacOS)</minimumVersion>
              </orComposite>
              <orComposite>
                <type>
                  <source>LOMv1.0</source>
                  <value>Browser</value>
                </type>
                <name>
                  <source>Curriculum Corporation technical requirement</source>
                  <value>Netscape Communicator</value>
                </name>
                <minimumVersion>6.2 (MS-Windows)</minimumVersion>
              </orComposite>
              <orComposite>
                <type>
                  <source>LOMv1.0</source>
                  <value>Browser</value>
                </type>
                <name>
                  <source>Curriculum Corporation technical requirement</source>
                  <value>Safari</value>
                </name>
                <minimumVersion>1.2 (MacOS)</minimumVersion>
              </orComposite>
            </requirement>
            <otherPlatformRequirements>
              <string language="en">Initial load time may exceed 10 seconds on a dedicated 64 kbps connection due to the use of rich media content.</string>
            </otherPlatformRequirements>
          </technical>
          <educational>
            <learningResourceType>
              <source>DCMI Type</source>
              <value>Interactive resource</value>
            </learningResourceType>
            <intendedEndUserRole>
              <source>LOMv1.0</source>
              <value>learner</value>
            </intendedEndUserRole>
            <context>
              <source>LOMv1.0</source>
              <value>school</value>
            </context>
            <typicalAgeRange>
              <string language="en">13,14,15,16,17,18</string>
            </typicalAgeRange>
          </educational>
          <rights>
            <description>
              <string language="en">Copyright The Crown in Right of Tasmania. The Crown in Right of Tasmania, however, accepts no responsibility for this product. This material contains Non-TLF Content. Refer to Conditions of use.</string>
            </description>
          </rights>
          <relation>
            <kind>
              <source>LOMv1.0</source>
              <value>isbasedon</value>
            </kind>
            <resource>
              <identifier>
                <catalog>TLF-LearningObject</catalog>
                <entry>L1449</entry>
              </identifier>
              <description>
                <string language="en">Originally published online as part of a learning object titled 'Motor vehicles: what does a loan cost?'; produced within the Tasmanian 'Open-IT' Project.</string>
              </description>
            </resource>
          </relation>
          <classification>
            <purpose>
              <source>LOMv1.0</source>
              <value>educational level</value>
            </purpose>
            <taxonPath>
              <source>
                <string language="en">edna-userlevel</string>
              </source>
              <taxon>
                <entry>
                  <string language="en">9</string>
                </entry>
              </taxon>
              <taxon>
                <entry>
                  <string language="en">10</string>
                </entry>
              </taxon>
              <taxon>
                <entry>
                  <string language="en">11</string>
                </entry>
              </taxon>
              <taxon>
                <entry>
                  <string language="en">12</string>
                </entry>
              </taxon>
            </taxonPath>
          </classification>
          <classification>
            <purpose>
              <source>LOMv1.0</source>
              <value>idea</value>
            </purpose>
            <taxonPath>
              <source>
                <string language="en">ScOT</string>
              </source>
              <taxon>
                <id>977</id>
                <entry>
                  <string language="en">Equations</string>
                </entry>
              </taxon>
            </taxonPath>
            <taxonPath>
              <source>
                <string language="en">ScOT</string>
              </source>
              <taxon>
                <id>4185</id>
                <entry>
                  <string language="en">Compound interest</string>
                </entry>
              </taxon>
            </taxonPath>
            <taxonPath>
              <source>
                <string language="en">ScOT</string>
              </source>
              <taxon>
                <id>7598</id>
                <entry>
                  <string language="en">Personal loans</string>
                </entry>
              </taxon>
            </taxonPath>
          </classification>
          <classification>
            <purpose>
              <source>LOMv1.0</source>
              <value>skill level</value>
            </purpose>
            <taxonPath>
              <source>
                <string language="en">Bloom's taxonomy of the cognitive domain</string>
              </source>
              <taxon>
                <entry>
                  <string language="en">Knowledge</string>
                </entry>
              </taxon>
            </taxonPath>
            <taxonPath>
              <source>
                <string language="en">Bloom's taxonomy of the cognitive domain</string>
              </source>
              <taxon>
                <entry>
                  <string language="en">Comprehension</string>
                </entry>
              </taxon>
            </taxonPath>
            <taxonPath>
              <source>
                <string language="en">Bloom's taxonomy of the cognitive domain</string>
              </source>
              <taxon>
                <entry>
                  <string language="en">Application</string>
                </entry>
              </taxon>
            </taxonPath>
          </classification>
          <classification>
            <purpose>
              <source>LOMv1.0</source>
              <value>educational objective</value>
            </purpose>
            <taxonPath>
              <source>
                <string language="en">TLF_studentactivity</string>
              </source>
              <taxon>
                <entry>
                  <string language="en">Interactives</string>
                </entry>
              </taxon>
            </taxonPath>
            <taxonPath>
              <source>
                <string language="en">TLF_studentactivity</string>
              </source>
              <taxon>
                <entry>
                  <string language="en">Analysis</string>
                </entry>
              </taxon>
            </taxonPath>
            <taxonPath>
              <source>
                <string language="en">TLF_studentactivity</string>
              </source>
              <taxon>
                <entry>
                  <string language="en">Modelling</string>
                </entry>
              </taxon>
            </taxonPath>
          </classification>
          <classification>
            <purpose>
              <source>LOMv1.0</source>
              <value>educational objective</value>
            </purpose>
            <taxonPath>
              <source>
                <string language="en">TLF_learningdesign</string>
              </source>
              <taxon>
                <entry>
                  <string language="en">Experiential learning</string>
                </entry>
              </taxon>
            </taxonPath>
            <taxonPath>
              <source>
                <string language="en">TLF_learningdesign</string>
              </source>
              <taxon>
                <entry>
                  <string language="en">Independent learning</string>
                </entry>
              </taxon>
            </taxonPath>
            <taxonPath>
              <source>
                <string language="en">TLF_learningdesign</string>
              </source>
              <taxon>
                <entry>
                  <string language="en">Visual learning</string>
                </entry>
              </taxon>
            </taxonPath>
          </classification>
          <classification>
            <purpose>
              <source>LOMv1.0</source>
              <value>educational objective</value>
            </purpose>
            <taxonPath>
              <source>
                <string language="en">Key learning objective</string>
              </source>
              <taxon>
                <entry>
                  <string language="en">Students calculate loan payment schedules.</string>
                </entry>
              </taxon>
            </taxonPath>
          </classification>
          <classification>
            <purpose>
              <source>LOMv1.0</source>
              <value>educational objective</value>
            </purpose>
            <taxonPath>
              <source>
                <string language="en">Educational value</string>
              </source>
              <taxon>
                <entry>
                  <string language="en">Students use a calculator to work out loan repayments and total interest.</string>
                </entry>
              </taxon>
            </taxonPath>
            <taxonPath>
              <source>
                <string language="en">Educational value</string>
              </source>
              <taxon>
                <entry>
                  <string language="en">An online loan calculator is available, using set compound interest rates (no early repayments).</string>
                </entry>
              </taxon>
            </taxonPath>
          </classification>
          <classification>
            <purpose>
              <source>LOMv1.0</source>
              <value>discipline</value>
            </purpose>
            <taxonPath>
              <source>
                <string language="en">edna-kla</string>
              </source>
              <taxon>
                <entry>
                  <string language="en">mathematics</string>
                </entry>
              </taxon>
            </taxonPath>
          </classification>
          <classification>
            <purpose>
              <source>LOMv1.0</source>
              <value>discipline</value>
            </purpose>
            <taxonPath>
              <source>
                <string language="en">TLF_strand</string>
              </source>
              <taxon>
                <entry>
                  <string language="en">mathematics</string>
                </entry>
              </taxon>
              <taxon>
                <entry>
                  <string language="en">Algebra</string>
                </entry>
              </taxon>
            </taxonPath>
          </classification>
          <classification>
            <purpose>
              <source>LOMv1.0</source>
              <value>discipline</value>
            </purpose>
            <taxonPath>
              <source>
                <string language="en">TLF_concepts</string>
              </source>
              <taxon>
                <entry>
                  <string language="en">mathematics</string>
                </entry>
              </taxon>
              <taxon>
                <entry>
                  <string language="en">Formulas</string>
                </entry>
              </taxon>
            </taxonPath>
            <taxonPath>
              <source>
                <string language="en">TLF_concepts</string>
              </source>
              <taxon>
                <entry>
                  <string language="en">mathematics</string>
                </entry>
              </taxon>
              <taxon>
                <entry>
                  <string language="en">Algorithms</string>
                </entry>
              </taxon>
            </taxonPath>
            <taxonPath>
              <source>
                <string language="en">TLF_concepts</string>
              </source>
              <taxon>
                <entry>
                  <string language="en">mathematics</string>
                </entry>
              </taxon>
              <taxon>
                <entry>
                  <string language="en">Calculators</string>
                </entry>
              </taxon>
            </taxonPath>
            <taxonPath>
              <source>
                <string language="en">TLF_concepts</string>
              </source>
              <taxon>
                <entry>
                  <string language="en">mathematics</string>
                </entry>
              </taxon>
              <taxon>
                <entry>
                  <string language="en">Money</string>
                </entry>
              </taxon>
            </taxonPath>
          </classification>
          <classification>
            <purpose>
              <source>LOMv1.0</source>
              <value>discipline</value>
            </purpose>
            <taxonPath>
              <source>
                <string language="en">AGIFT</string>
              </source>
              <taxon>
                <entry>
                  <string language="en">Education and training</string>
                </entry>
              </taxon>
              <taxon>
                <entry>
                  <string language="en">School education</string>
                </entry>
              </taxon>
            </taxonPath>
          </classification>
          <classification>
            <purpose>
              <source>LOMv1.0</source>
              <value>accessibility restrictions</value>
            </purpose>
            <taxonPath>
              <source>
                <string language="en">TLF_accessprofile</string>
              </source>
              <taxon>
                <entry>
                  <string language="en">Hearing independence</string>
                </entry>
              </taxon>
            </taxonPath>
          </classification>
        </lom>
      </metadata>
      <file href="emagine.jpg">
        <metadata>
          <lom xmlns="http://ltsc.ieee.org/xsd/LOM">
            <general>
              <identifier>
                <catalog>TLF-File</catalog>
                <entry>F89811</entry>
              </identifier>
              <aggregationLevel>
                <source>LOMv1.0</source>
                <value>1</value>
              </aggregationLevel>
            </general>
            <lifeCycle>
              <version>
                <string>1.0</string>
              </version>
            </lifeCycle>
            <metaMetadata>
              <identifier>
                <catalog>TLF-Metadata</catalog>
                <entry>104528</entry>
              </identifier>
              <metadataSchema>LOMv1.0</metadataSchema>
              <metadataSchema>ANZ-LOMv1.0</metadataSchema>
              <metadataSchema>ednav1.1</metadataSchema>
            </metaMetadata>
            <technical>
              <format>image/jpeg</format>
              <size>3653</size>
            </technical>
          </lom>
        </metadata>
      </file>
      <file href="calc.dcr">
        <metadata>
          <lom xmlns="http://ltsc.ieee.org/xsd/LOM">
            <general>
              <identifier>
                <catalog>TLF-File</catalog>
                <entry>F89814</entry>
              </identifier>
              <aggregationLevel>
                <source>LOMv1.0</source>
                <value>1</value>
              </aggregationLevel>
            </general>
            <lifeCycle>
              <version>
                <string>1.0</string>
              </version>
            </lifeCycle>
            <metaMetadata>
              <identifier>
                <catalog>TLF-Metadata</catalog>
                <entry>104536</entry>
              </identifier>
              <metadataSchema>LOMv1.0</metadataSchema>
              <metadataSchema>ANZ-LOMv1.0</metadataSchema>
              <metadataSchema>ednav1.1</metadataSchema>
            </metaMetadata>
            <technical>
              <format>application/x-director</format>
              <size>110237</size>
            </technical>
          </lom>
        </metadata>
      </file>
      <file href="index.html">
        <metadata>
          <lom xmlns="http://ltsc.ieee.org/xsd/LOM">
            <general>
              <identifier>
                <catalog>TLF-File</catalog>
                <entry>F89812</entry>
              </identifier>
              <aggregationLevel>
                <source>LOMv1.0</source>
                <value>1</value>
              </aggregationLevel>
            </general>
            <lifeCycle>
              <version>
                <string>2.0</string>
              </version>
            </lifeCycle>
            <metaMetadata>
              <identifier>
                <catalog>TLF-Metadata</catalog>
                <entry>104529</entry>
              </identifier>
              <metadataSchema>LOMv1.0</metadataSchema>
              <metadataSchema>ANZ-LOMv1.0</metadataSchema>
              <metadataSchema>ednav1.1</metadataSchema>
            </metaMetadata>
            <technical>
              <format>text/html</format>
              <size>950</size>
            </technical>
          </lom>
        </metadata>
      </file>
      <file href="style.css">
        <metadata>
          <lom xmlns="http://ltsc.ieee.org/xsd/LOM">
            <general>
              <identifier>
                <catalog>TLF-File</catalog>
                <entry>F127286</entry>
              </identifier>
              <aggregationLevel>
                <source>LOMv1.0</source>
                <value>1</value>
              </aggregationLevel>
            </general>
            <lifeCycle>
              <version>
                <string>2.0</string>
              </version>
            </lifeCycle>
            <metaMetadata>
              <identifier>
                <catalog>TLF-Metadata</catalog>
                <entry>153657</entry>
              </identifier>
              <metadataSchema>LOMv1.0</metadataSchema>
              <metadataSchema>ANZ-LOMv1.0</metadataSchema>
              <metadataSchema>ednav1.1</metadataSchema>
            </metaMetadata>
            <technical>
              <format>text/css</format>
              <size>399</size>
            </technical>
          </lom>
        </metadata>
      </file>
      <file href="end.htm">
        <metadata>
          <lom xmlns="http://ltsc.ieee.org/xsd/LOM">
            <general>
              <identifier>
                <catalog>TLF-File</catalog>
                <entry>F128485</entry>
              </identifier>
              <aggregationLevel>
                <source>LOMv1.0</source>
                <value>1</value>
              </aggregationLevel>
            </general>
            <lifeCycle>
              <version>
                <string>4.0</string>
              </version>
            </lifeCycle>
            <metaMetadata>
              <identifier>
                <catalog>TLF-Metadata</catalog>
                <entry>155184</entry>
              </identifier>
              <metadataSchema>LOMv1.0</metadataSchema>
              <metadataSchema>ANZ-LOMv1.0</metadataSchema>
              <metadataSchema>ednav1.1</metadataSchema>
            </metaMetadata>
            <technical>
              <format>text/html</format>
              <size>817</size>
            </technical>
          </lom>
        </metadata>
      </file>
      <file href="ConditionsOfUse.html" />
      <file href="description.html" />
      <file href="rights.xml" />
    </resource>
  </resources>
</manifest>