﻿<?xml version="1.0" encoding="utf-8"?>
<content xmlns="http://sharing.thelearningfederation.edu.au/licensing">
  <identifier>S6259</identifier>
  <title>Rewarding maths</title>
  <version>4</version>
  <owner>
    <name>EducationServicesAustralia</name>
    <code>CURR-CORP</code>
  </owner>
  <shared-to>
    <name>CEOLismore</name>
    <code>CNA-LIS</code>
  </shared-to>
  <shared-to>
    <name>CEOMaitland-Newcastle</name>
    <code>CNA-MN</code>
  </shared-to>
  <shared-to>
    <name>The Department of Education and Children’s Services, South Australia</name>
    <code>DECS-SA</code>
  </shared-to>
  <shared-to>
    <name>New South Wales Department of Education and Training </name>
    <code>DET-NSW</code>
  </shared-to>
  <shared-to>
    <name>CEOWesternAustralia</name>
    <code>CNA-WA</code>
  </shared-to>
  <shared-to>
    <name>CEO-Hobart</name>
    <code>CNA-HOB</code>
  </shared-to>
  <shared-to>
    <name>CEOTownsville</name>
    <code>CNA-TOW</code>
  </shared-to>
  <shared-to>
    <name>Department of Education, Employment and Workplace Relations 
</name>
    <code>DEEWR</code>
  </shared-to>
  <shared-to>
    <name>International groups</name>
    <code>INTL-GRP</code>
  </shared-to>
  <shared-to>
    <name>Association of Independent Schools of
Tasmania </name>
    <code>AIS-TAS</code>
  </shared-to>
  <shared-to>
    <name>CEOParramatta</name>
    <code>CNA-PAR</code>
  </shared-to>
  <shared-to>
    <name>Association of Independent Schools of Western Australia</name>
    <code>AIS-WA</code>
  </shared-to>
  <shared-to>
    <name>CEOBrisbane</name>
    <code>CNA-BRI</code>
  </shared-to>
  <shared-to>
    <name>CEOWollongong</name>
    <code>CNA-WOL</code>
  </shared-to>
  <shared-to>
    <name>Universities</name>
    <code>UNI</code>
  </shared-to>
  <shared-to>
    <name>CEOBallarat</name>
    <code>CNA-BAL</code>
  </shared-to>
  <shared-to>
    <name>CEOToowoomba</name>
    <code>CNA-TOO</code>
  </shared-to>
  <shared-to>
    <name>CEOSydney</name>
    <code>CNA-SYD</code>
  </shared-to>
  <shared-to>
    <name>TAFE's</name>
    <code>TAFES</code>
  </shared-to>
  <shared-to>
    <name>CEOSandhurst</name>
    <code>CNA-SAN</code>
  </shared-to>
  <shared-to>
    <name>Victorian Department of Education and Early Childhood Development </name>
    <code>DEECD-VIC</code>
  </shared-to>
  <shared-to>
    <name>Professional Associations and Others</name>
    <code>PROFAO</code>
  </shared-to>
  <shared-to>
    <name>Association of Independent Schools of the Northern Territory </name>
    <code>AIS-NT</code>
  </shared-to>
  <shared-to>
    <name>CEOSale</name>
    <code>CNA-SAL</code>
  </shared-to>
  <shared-to>
    <name>Department of Education and Training, Australian Capital Territory </name>
    <code>DET-ACT</code>
  </shared-to>
  <shared-to>
    <name>CEOBathurst</name>
    <code>CNA-BAT</code>
  </shared-to>
  <shared-to>
    <name>CEORockhampton</name>
    <code>CNA-ROK</code>
  </shared-to>
  <shared-to>
    <name>CEOSouthAustralia</name>
    <code>CNA-SA</code>
  </shared-to>
  <shared-to>
    <name>Queensland Department of Education Training and Employment</name>
    <code>DETA-QLD</code>
  </shared-to>
  <shared-to>
    <name>Association of Independent Schools of Victoria </name>
    <code>AIS-VIC</code>
  </shared-to>
  <shared-to>
    <name>StAugustine'sCollegeSydney</name>
    <code>CNA-SAC</code>
  </shared-to>
  <shared-to>
    <name>Association of Independent Schools of the ACT </name>
    <code>AIS-ACT</code>
  </shared-to>
  <shared-to>
    <name>CEOBrokenBay</name>
    <code>CNA-BB</code>
  </shared-to>
  <shared-to>
    <name>CEOMelbourne</name>
    <code>CNA-MEL</code>
  </shared-to>
  <shared-to>
    <name>CEOWagga-Wagga</name>
    <code>CNA-WW</code>
  </shared-to>
  <shared-to>
    <name>MaristBrothers</name>
    <code>CNA-MB</code>
  </shared-to>
  <shared-to>
    <name>Department of Education Western Australia</name>
    <code>DET-WA</code>
  </shared-to>
  <shared-to>
    <name>Association of Independent Schools of New South Wales </name>
    <code>AIS-NSW</code>
  </shared-to>
  <shared-to>
    <name>CEOWilcannia-Forbes</name>
    <code>CNA-WF</code>
  </shared-to>
  <shared-to>
    <name>Association of Independent Schools of South Australia </name>
    <code>AIS-SA</code>
  </shared-to>
  <shared-to>
    <name>CurriculumCorporation-CLJ</name>
    <code>CURR-CC</code>
  </shared-to>
  <shared-to>
    <name>CC Press</name>
    <code>cc-press</code>
  </shared-to>
  <shared-to>
    <name>The Learning Federation</name>
    <code>TLF</code>
  </shared-to>
  <shared-to>
    <name>Australian Institute for Teaching and School Leadership</name>
    <code>AITSL</code>
  </shared-to>
  <shared-to>
    <name>Independent Schools Queensland </name>
    <code>IS-QLD</code>
  </shared-to>
  <shared-to>
    <name>CEOCanberraGoulburn</name>
    <code>CNA-CG</code>
  </shared-to>
  <shared-to>
    <name>Department of Education, Tasmania </name>
    <code>DE-TAS</code>
  </shared-to>
  <shared-to>
    <name>The Northern Territory of Australia - Department of Education and Training</name>
    <code>DEET-NT</code>
  </shared-to>
  <shared-to>
    <name>CEOCairns</name>
    <code>CNA-CAI</code>
  </shared-to>
</content>