﻿<digital-rights xmlns="http://lex.thelearningfederation.edu.au/drel/2006/01">
  <content>
    <title>Platonic solids</title>
    <version>5.0.0</version>
    <date-published>2012-03-23</date-published>
    <catalogue-entry>
      <catalogue>TLF-LearningObject</catalogue>
      <entry>3542</entry>
    </catalogue-entry>
    <ip-category>Non-TLF-Content</ip-category>
    <licence-refs>OL119</licence-refs>
  </content>
  <ip-manifest>
    <intellectual-property>
      <title>Utah State University learning objects</title>
      <content-type>Multimedia</content-type>
      <catalogue-entry>
        <catalogue>Non-TLF-Content</catalogue>
        <entry>8330</entry>
      </catalogue-entry>
      <copyright-status>In copyright (Australia)</copyright-status>
      <licence-refs>IL661</licence-refs>
    </intellectual-property>
  </ip-manifest>
  <licence-manifest>
    <licence>
      <identifier>OL119</identifier>
      <licensor>
        <name>
          <organisation-name>Curriculum Corporation</organisation-name>
          <first-name />
          <last-name />
        </name>
        <url>http://www.curriculum.edu.au</url>
        <catalogue-entry>
          <catalogue>TLF-Party</catalogue>
          <entry>1</entry>
        </catalogue-entry>
        <organisation-type>Corporation</organisation-type>
      </licensor>
      <licensee>
        <name>
          <organisation-name>Scootle</organisation-name>
          <first-name />
          <last-name />
        </name>
        <url />
        <catalogue-entry>
          <catalogue>TLF-Party</catalogue>
          <entry>23</entry>
        </catalogue-entry>
        <organisation-type>Statutory body</organisation-type>
      </licensee>
      <expiry>
        <expiry-rule>Perpetual</expiry-rule>
      </expiry>
      <start-date>2005-05-10</start-date>
      <fee>
        <amount>0.0</amount>
      </fee>
      <exclusivity>Non exclusive</exclusivity>
      <warranty>Yes</warranty>
      <revocability>Refer to Clause 16 regarding Termination and Revocation before End of Licence Period</revocability>
      <catalogue-entry>
        <catalogue>TLF-Licence</catalogue>
        <entry>119</entry>
      </catalogue-entry>
      <catalogue-entry>
        <catalogue>TLF-ContentPackage</catalogue>
        <entry>8</entry>
      </catalogue-entry>
      <rights-ref>R12</rights-ref>
    </licence>
    <licence>
      <identifier>IL661</identifier>
      <licensed-from>
        <name>
          <organisation-name>MATTI Associates LLC</organisation-name>
          <first-name />
          <last-name />
        </name>
        <url />
        <catalogue-entry>
          <catalogue>TLF-Party</catalogue>
          <entry>5575</entry>
        </catalogue-entry>
        <organisation-type>Corporation</organisation-type>
      </licensed-from>
      <expiry>
        <expiry-rule>Perpetual</expiry-rule>
      </expiry>
      <catalogue-entry>
        <catalogue>TLF-Licence</catalogue>
        <entry>661</entry>
      </catalogue-entry>
      <rights-ref>R945</rights-ref>
    </licence>
  </licence-manifest>
  <rights-manifest>
    <rights>
      <identifier>R12</identifier>
      <user-rights>
        <market-and-purpose>Education sector and purposes</market-and-purpose>
        <territory>AU; NZ</territory>
      </user-rights>
      <development-rights>
        <special-conditions>The development rights for this item are described in each of it's individual elements</special-conditions>
      </development-rights>
    </rights>
    <rights>
      <identifier>R945</identifier>
      <user-rights>
        <market-and-purpose>Education sector and purposes</market-and-purpose>
        <territory>NZ; AU</territory>
      </user-rights>
      <development-rights>
        <market-and-purpose>Education sector and purposes</market-and-purpose>
        <edited-version />
        <enhancement>
          <owner-of-new-copyright-in-foreground-ip>Licensor is owner of new copyright</owner-of-new-copyright-in-foreground-ip>
        </enhancement>
        <supplementary-work>
          <owner-of-new-copyright-in-foreground-ip>Licensee is owner of new copyright</owner-of-new-copyright-in-foreground-ip>
        </supplementary-work>
        <compilation>
          <owner-of-new-copyright-in-foreground-ip>Licensee is owner of new copyright</owner-of-new-copyright-in-foreground-ip>
        </compilation>
      </development-rights>
    </rights>
  </rights-manifest>
</digital-rights>