<?xml version="1.0" encoding="utf-8"?>
<cp:manifest xmlns:lom="http://ltsc.ieee.org/xsd/LOM" identifier="sefc973e5-5809-4bee-b728-e97b77fe1eb6" xmlns:cp="http://www.imsglobal.org/xsd/imscp_v1p1">
  <cp:metadata>
    <cp:schema>IMS Content</cp:schema>
    <cp:schemaversion>1.1.4</cp:schemaversion>
    <lom:lom>
      <lom:general>
        <lom:identifier>
          <lom:catalog>Sharing Exchange Learning Resource</lom:catalog>
          <lom:entry>S0779</lom:entry>
        </lom:identifier>
        <lom:title>
          <lom:string language="en">The structure of atoms</lom:string>
        </lom:title>
        <lom:keyword>
          <lom:string language="en">Year 9 Science</lom:string>
        </lom:keyword>
        <lom:keyword>
          <lom:string language="en">atoms</lom:string>
        </lom:keyword>
        <lom:keyword>
          <lom:string language="en">nucleus</lom:string>
        </lom:keyword>
        <lom:keyword>
          <lom:string language="en">electrons</lom:string>
        </lom:keyword>
        <lom:keyword>
          <lom:string language="en">hydrogen</lom:string>
        </lom:keyword>
        <lom:keyword>
          <lom:string language="en">oxygen</lom:string>
        </lom:keyword>
        <lom:keyword>
          <lom:string language="en">water</lom:string>
        </lom:keyword>
        <lom:aggregationLevel>
          <lom:source>LOMv1.0</lom:source>
          <lom:value>2</lom:value>
        </lom:aggregationLevel>
        <lom:language>en</lom:language>
        <lom:description>
          <lom:string language="en">This animated, visual object analyses the atomic structure of water by zooming in to a water particle and its component atoms of hydrogen and oxygen. It also provides an array of graphics representing a group of everyday substances or materials. Clicking on each one reveals the atomic structure. The object supports the chemistry section of the year 9 Science course.</lom:string>
        </lom:description>
      </lom:general>
      <lom:lifeCycle>
        <lom:contribute>
          <lom:role>
            <lom:source>MARC Relator</lom:source>
            <lom:value>Copyright holder</lom:value>
          </lom:role>
          <lom:entity>BEGIN:VCARD
N:;;;;
FN:
ADR:;;;;;;AUSTRALIA
VERSION:3.0
END:VCARD
</lom:entity>
        </lom:contribute>
        <lom:version>
          <lom:string>2.0</lom:string>
        </lom:version>
        <lom:status>
          <lom:source>LOMv1.0</lom:source>
          <lom:value>final</lom:value>
        </lom:status>
      </lom:lifeCycle>
      <lom:metaMetadata>
        <lom:identifier>
          <lom:catalog>Sharing Exchange Metadata</lom:catalog>
          <lom:entry>S0779</lom:entry>
        </lom:identifier>
        <lom:language>en</lom:language>
        <lom:metadataSchema>LOMv1.0</lom:metadataSchema>
        <lom:metadataSchema>ANZ-LOMv1.0</lom:metadataSchema>
      </lom:metaMetadata>
      <lom:technical>
        <lom:format>text/html</lom:format>
        <lom:format>application/x-shockwave-flash</lom:format>
        <lom:format>application/x-javascript</lom:format>
        <lom:location>http://resolver.thelearningfederation.edu.au/?rft_id=10257/5828956</lom:location>
        <lom:size>436747</lom:size>
      </lom:technical>
      <lom:educational>
        <lom:learningResourceType>
          <lom:source>DCMI Type</lom:source>
          <lom:value>Interactive resource</lom:value>
        </lom:learningResourceType>
        <lom:typicalAgeRange>
          <lom:string>13-15</lom:string>
        </lom:typicalAgeRange>
      </lom:educational>
      <lom:rights>
        <lom:cost>
          <lom:source>LOMv1.0</lom:source>
          <lom:value>no</lom:value>
        </lom:cost>
        <lom:copyrightAndOtherRestrictions>
          <lom:source>LOMv1.0</lom:source>
          <lom:value>yes</lom:value>
        </lom:copyrightAndOtherRestrictions>
        <lom:description>
          <lom:string language="en">© Minister for Education and Children's Services for and on behalf of the Crown in right of the State of South Australia.</lom:string>
        </lom:description>
      </lom:rights>
      <lom:classification>
        <lom:purpose>
          <lom:source>LOMv1.0</lom:source>
          <lom:value>idea</lom:value>
        </lom:purpose>
        <lom:taxonPath>
          <lom:taxon>
            <lom:id>1942</lom:id>
            <lom:entry>
              <lom:string language="en">Atoms</lom:string>
            </lom:entry>
          </lom:taxon>
          <lom:source>
            <lom:string language="en">ScOT</lom:string>
          </lom:source>
        </lom:taxonPath>
        <lom:taxonPath>
          <lom:taxon>
            <lom:id>5662</lom:id>
            <lom:entry>
              <lom:string language="en">Electrons</lom:string>
            </lom:entry>
          </lom:taxon>
          <lom:source>
            <lom:string language="en">ScOT</lom:string>
          </lom:source>
        </lom:taxonPath>
        <lom:taxonPath>
          <lom:taxon>
            <lom:id>3530</lom:id>
            <lom:entry>
              <lom:string language="en">Hydrogen</lom:string>
            </lom:entry>
          </lom:taxon>
          <lom:source>
            <lom:string language="en">ScOT</lom:string>
          </lom:source>
        </lom:taxonPath>
        <lom:taxonPath>
          <lom:taxon>
            <lom:id>3553</lom:id>
            <lom:entry>
              <lom:string language="en">Oxygen</lom:string>
            </lom:entry>
          </lom:taxon>
          <lom:source>
            <lom:string language="en">ScOT</lom:string>
          </lom:source>
        </lom:taxonPath>
        <lom:taxonPath>
          <lom:taxon>
            <lom:id>5453</lom:id>
            <lom:entry>
              <lom:string language="en">Water</lom:string>
            </lom:entry>
          </lom:taxon>
          <lom:source>
            <lom:string language="en">ScOT</lom:string>
          </lom:source>
        </lom:taxonPath>
      </lom:classification>
      <lom:classification>
        <lom:purpose>
          <lom:source>LOMv1.0</lom:source>
          <lom:value>educational level</lom:value>
        </lom:purpose>
        <lom:taxonPath>
          <lom:taxon>
            <lom:entry>
              <lom:string language="en">9</lom:string>
            </lom:entry>
          </lom:taxon>
          <lom:source>
            <lom:string language="en">edna-userlevel</lom:string>
          </lom:source>
        </lom:taxonPath>
      </lom:classification>
    </lom:lom>
  </cp:metadata>
  <cp:organizations default="s083e5557-9600-4179-92c8-bc01d04bbbfe">
    <cp:organization identifier="s083e5557-9600-4179-92c8-bc01d04bbbfe" structure="hierarchical">
      <cp:title>The structure of atoms</cp:title>
      <cp:item identifier="se017f748-d858-464a-8c4e-ba98d27787a8" identifierref="sa85d2a9b-bd99-4787-a678-ca8d7e326941">
        <cp:title>Start: The structure of atoms</cp:title>
      </cp:item>
    </cp:organization>
  </cp:organizations>
  <cp:resources>
    <cp:resource href="12780_07/index.htm" identifier="sa85d2a9b-bd99-4787-a678-ca8d7e326941" type="webcontent">
      <cp:file href="12780_07/_scripts/indexi1f1.js" />
      <cp:file href="12780_07/_scripts/indexi1f2.js" />
      <cp:file href="12780_07/index.htm" />
      <cp:file href="12780_07/info/info1.swf" />
      <cp:file href="12780_07/info/info10.swf" />
      <cp:file href="12780_07/info/info11.swf" />
      <cp:file href="12780_07/info/info12.swf" />
      <cp:file href="12780_07/info/info13.swf" />
      <cp:file href="12780_07/info/info14.swf" />
      <cp:file href="12780_07/info/info15.swf" />
      <cp:file href="12780_07/info/info16.swf" />
      <cp:file href="12780_07/info/info17.swf" />
      <cp:file href="12780_07/info/info18.swf" />
      <cp:file href="12780_07/info/info19.swf" />
      <cp:file href="12780_07/info/info2.swf" />
      <cp:file href="12780_07/info/info20.swf" />
      <cp:file href="12780_07/info/info21.swf" />
      <cp:file href="12780_07/info/info22.swf" />
      <cp:file href="12780_07/info/info23.swf" />
      <cp:file href="12780_07/info/info24.swf" />
      <cp:file href="12780_07/info/info3.swf" />
      <cp:file href="12780_07/info/info4.swf" />
      <cp:file href="12780_07/info/info5.swf" />
      <cp:file href="12780_07/info/info6.swf" />
      <cp:file href="12780_07/info/info7.swf" />
      <cp:file href="12780_07/info/info8.swf" />
      <cp:file href="12780_07/info/info9.swf" />
      <cp:file href="12780_07/lab1.swf" />
      <cp:file href="12780_07/logo.swf" />
      <cp:file href="12780_07/whatIsWater.swf" />
    </cp:resource>
  </cp:resources>
</cp:manifest>