﻿<?xml version="1.0" encoding="UTF-8"?>
<tom_slq>
	<buttons>
	    <enter>Enter</enter>
		<next>Next</next>
		<back>Back</back>
		<tryAgain>Try again</tryAgain>
		<yes>Yes</yes>
		<no>No</no>
	</buttons>
	
	<s1>
		<s1_1a>[[b]]Types of matter[[/b]]</s1_1a>
		<s1_1b>Solids, liquids and gases [[/b]][ESL]</s1_1b>
	</s1>
	
	<s2>
		<s2_1>All objects contain particles. The particles can be arranged in different ways. Different arrangements result in different properties . [[br/]][[br/]]In this activity, you will be classifying objects by looking at the arrangement of their particles. [[br/]][[br/]]You can select [[b]]Glossary[[/b]] to check on [[br/]]the meanings of some words. </s2_1>
		<s2_4>To see the particles of objects, you'll need to use this special magnifying tool . [[br/]][[br/]]To try it out, select the [[b]](+)[[/b]] button to magnify the object. The [[b]](–)[[/b]] button will reduce the magnification . Select [[b]]Next[[/b]] once you have tried out the tool.</s2_4>
		<s2_7>Copper</s2_7>
		<s2_12>When an object is magnified, the number in the display area will change. The number shows the magnification of the object.  [[br/]][[br/]]For example,10⁸ means that what you are looking at has been magnified 100 000 000 times. Normally, to see things magnified at this level, you would need an electron microscope .</s2_12>
		<s2_15>Select [[b]]Next[[/b]] to begin your investigations.</s2_15>
	</s2>
	
	<s3>
		<s3_1>This is the area you will be investigating . There are 10 samples for you to look at. You need to look at their particles and then classify them. [[br/]][[br/]]Your task is to find two examples of each type of matter (solid, liquid and gas). Select [[b]]Next[[/b]] to begin your investigations .</s3_1>
		<s3_4>Select a sample to classify it.</s3_4>
		<s3_5>Aluminium can</s3_5>
		<s3_6>Ice</s3_6>
		<s3_7>Copper pipe</s3_7>
		<s3_8>Diamond</s3_8>
		<s3_9>Water</s3_9>
		<s3_10>LPG in cylinder</s3_10>
		<s3_10a>Liquefied petroleum gas (LPG) in cylinder</s3_10a>
		<s3_11>Kerosene</s3_11>
		<s3_12>LPG in pipe</s3_12>
		<s3_12a>LPG in pipe</s3_12a>
		<s3_13>Argon in light bulb </s3_13>
		<s3_14>Helium in balloon</s3_14>
		<s3_15>[[b]]Findings[[/b]]</s3_15>
		<s3_16>Kerosene </s3_16>
	</s3>
	
	<s4>
		<s4_1a>You have selected: </s4_1a>
		<s4_1b>Select [[b]](+)[[/b]] to magnify the sample until you can see its particles.</s4_1b>
<s4_1c>Now look at the particles and classify the substance.</s4_1c>
		<s4_2>+</s4_2>
		<s4_3>-</s4_3>
		<s4_4>[[b]]Classify arrangement[[br]]of particles:[[/b]]</s4_4>
		<s4_5>Particles are close together and vibrating, but held in position.</s4_5>
		
		<s4_6>Particles are close together and free to move around.</s4_6>
		<s4_7>Particles are apart and moving fast.</s4_7>
		<s4_8>Correct. [[br/]][[br/]]The particles are locked into a regular arrangement. This gives the object a fixed shape and size.</s4_8>
		<s4_9>Correct.[[br]][[br]]The particles stay close, but can move past each other. This means the size of a sample doesn't change, but its shape can.</s4_9>
		<s4_10>Correct. [[br/]][[br/]]The particles move fast and only the container stops them from spreading out in all directions.</s4_10>
		<s4_11>Incorrect. [[br/]][[br/]]Look again at the arrangement and motion of the particles.</s4_11>
		

	</s4>
	
	<s5>
		<s5_1>Do you want to add this sample to your findings ?</s5_1>
		<s5_2>Yes</s5_2>
		<s5_3>No</s5_3>
		<s5_4>You already have two samples of this classification type.</s5_4>
		<s5_5>OK</s5_5>
		<s5_6>You don't have two samples of this classification type yet.[[br]][[br]]Are you sure?</s5_6>
		<s5_7>Particles close together and vibrating, but held in position</s5_7>
		<s5_8>Particles close together and free to move around</s5_8>
		<s5_9>Particles apart and moving fast</s5_9>

	</s5>
	<s6>
		<s6_1>These are your findings.[[br]][[br]]Each type of particle arrangement tells you whether the substance is a solid, liquid or gas.[[br]][[br]]Move each label to the correct particle description with its examples. Select [[b]]Done[[/b]] when you are finished.</s6_1>
		<s6_2>Solid</s6_2>
		<s6_3>(Fixed shape and size)</s6_3>
		<s6_4>Liquid</s6_4>
		<s6_5>(Fixed size, but shape can change)</s6_5>
		<s6_6>Gas</s6_6>
		<s6_7>(Shape and size change to fit container)</s6_7>
		<s6_8>Done</s6_8>
		<s6_9>That's not correct.[[br]][[br]]Read the descriptions and look at the examples to help you.</s6_9>
		<s6_9b>That’s still not right.[[br]][[br]]Remember: solids have fixed shapes, liquids and gases flow easily, and gases are very light.</s6_9b>
		<s6_10>Try again</s6_10>
		<s6_11>That's still incorrect.[[br]][[br]]You can either try again, or select [[b]]Show me[[/b]] to see the solution.</s6_11>
		<s6_12>Show me</s6_12>
	</s6>
	<s7>
		<s7_1>Correct. [[br/]][[br/]]Solids, liquids and gases have different properties because their particles are arranged differently.</s7_1>
		<s7_4>In [[b]]solids[[/b]], the particles are close together and vibrating, but held in position. This is why a solid has a fixed size and shape.</s7_4>
		<s7_7>In [[b]]liquids[[/b]], the particles are close together and free to move around. This means that a sample of liquid can change its shape, but its size is fixed.</s7_7>
		<s7_10>In [[b]]gases[[/b]], the particles are far apart and moving fast. A sample of gas will spread out to match the size and shape of any container it is put into.</s7_10>
	</s7>
	<s8>
		<s8_0>Well done! You've investigated how the arrangements of particles that make up matter affect whether matter is solid, liquid or gas. [[br/]][[br/]]If you want to print out a fact sheet on what you've discovered , select [[b]]Print[[/b]].</s8_0>
		<s8_1>Print</s8_1>
		<s8_2>Start again</s8_2>
		<s8_3>Fact sheet: solids, liquids and gases</s8_3>
		<s8_4>Printable worksheet made available by The Le@rning Federation: © Curriculum Corporation, 2008, except where indicated under Acknowledgements</s8_4>
	</s8>
</tom_slq>
